x,y,yerr,,p,q,r,s,t,1/e^2,,,
-2,2.1,0.2,,165.1111111,-50,52.5,100,-105,25,,,
0,2.4,0.2,,,0,60,0,0,25,,,
2,2.5,0.5,,,8,10,16,20,4,,,
4,3.5,0.1,,,400,350,1600,1400,100,,,
6,4.2,0.3,,,66.66666667,46.66666667,400,280,11.11111111,,,
,,,,,424.6666667,519.1666667,2116,1595,165.1111111,,\delta,169033.3333
,,,,,,,,,,,,
,,,,,,,,,,,,
,,,y,=,m,err,x,+,c,cerr,,
,,mine,,,0.253674489,0.006250748,,,2.49189509,0.022376989,,
,,lucien,,,0.123030912,,,,2.827911072,,,
